"","V1","X1","X2","X3","X4","X5","X6","X7","X8","X9","X10"
"1",81,102,26,85,715,502,562,809,140,676,825
"2",399,797,466,502,450,21,653,157,958,942,603
"3",890,317,740,120,365,287,1269,841,947,236,76
"4",385,923,21,205,591,1240,589,864,772,717,939
"5",751,754,278,40,846,120,591,608,465,1269,51
"6",34,647,715,585,1208,189,17,26,278,1219,962
"7",194,255,319,287,639,62,243,871,39,853,972
"8",325,639,287,1228,702,417,369,1166,363,811,243
"9",414,189,108,647,26,486,507,715,956,559,1226
"10",730,754,392,864,51,495,236,140,110,465,264
"11",560,379,378,395,205,905,392,1279,686,807,580
"12",886,46,596,1166,820,459,836,772,113,639,573
"13",355,189,1132,559,486,647,17,679,102,1217,1208
"14",606,715,26,17,963,113,647,820,85,1050,1228
"15",595,797,905,671,51,49,745,1404,647,378,1047
"16",478,85,805,639,827,450,715,1050,502,211,1017
"17",489,26,715,102,562,974,253,85,809,140,827
"18",672,1073,747,763,576,658,411,743,1058,596,679
"19",402,805,715,1134,317,1050,685,211,809,26,887
"20",830,749,772,1240,1478,189,639,1517,908,21,596
"21",739,102,26,647,715,562,465,486,312,825,676
"22",392,1118,1025,46,326,106,504,596,473,21,17
"23",907,205,573,772,21,521,942,607,94,1192,649
"24",648,923,591,319,244,939,1478,853,749,355,1240
"25",29,846,569,674,740,417,1116,1194,947,825,639
"26",166,317,809,805,704,747,470,946,102,342,1443
"27",591,465,102,637,562,26,676,140,825,371,864
"28",585,754,236,768,846,1118,601,358,51,365,465
"29",530,639,749,189,591,319,1478,740,76,106,772
"30",106,809,317,637,946,1045,868,878,679,1210,823
"31",231,85,189,450,674,378,990,647,1217,1231,1065
"32",665,1063,915,1066,988,450,672,280,827,1139,342
"33",473,465,754,102,892,110,394,253,608,486,1024
"34",170,702,639,747,46,972,62,468,576,411,1073
"35",679,1129,591,40,207,923,1269,939,615,713,120
"36",526,486,102,974,685,958,539,562,532,637,280
"37",684,797,905,671,51,278,205,305,49,1524,1269
"38",598,1129,591,544,49,956,1010,26,189,507,844
"39",609,205,51,278,615,754,5,671,1269,371,305
"40",712,280,319,244,90,108,853,1063,504,724,355
"41",372,637,221,718,1134,1152,562,49,1121,589,679
"42",333,658,702,928,772,915,747,763,46,504,550
"43",615,5,685,470,958,569,317,704,1141,62,466
"44",546,280,504,1152,244,637,736,685,454,310,1210
"45",704,591,355,853,820,1025,40,573,244,731,939
"46",179,312,152,550,805,76,189,915,85,342,749
"47",285,465,591,1313,1377,1210,1129,253,102,1036,40
"48",71,740,639,76,189,1123,1116,287,1018,610,544
"49",291,797,49,51,905,466,671,628,647,221,615
"50",880,1073,1228,447,846,823,963,505,140,871,674
"51",226,589,802,628,718,637,51,1113,717,1134,1244
"52",140,502,951,821,871,1228,775,1425,466,363,972
"53",652,596,745,640,639,378,85,399,502,825,1018
"54",873,102,189,569,85,39,715,639,704,674,152
"55",101,637,392,963,1531,1278,1118,447,988,236,1073
"56",238,823,371,1010,1208,493,102,342,562,868,637
"57",52,236,754,365,768,864,358,601,589,633,1120
"58",763,1121,473,1025,502,647,106,355,242,395,685
"59",298,615,115,754,1047,51,1228,205,1143,671,573
"60",872,1045,868,1134,1050,523,26,49,887,809,715
"61",302,411,647,658,962,1047,49,702,189,715,1208
"62",254,1228,1132,255,504,871,1073,928,875,963,754
"63",748,46,820,596,1025,1065,1166,473,497,573,326
"64",338,596,639,827,85,772,429,1278,591,915,131
"65",541,1073,679,743,823,754,1228,236,846,1531,406
"66",367,280,1152,504,310,637,1531,685,454,459,1141
"67",582,189,575,647,749,49,869,956,17,507,844
"68",455,49,1192,573,717,633,51,671,205,207,713
"69",282,486,647,466,770,958,1231,1217,378,260,1065
"70",600,905,797,51,951,236,205,807,1070,754,738
"71",314,189,559,679,504,108,532,500,142,928,1132
"72",465,802,392,1240,772,923,1278,1153,1137,559,676
"73",860,244,559,864,1210,923,628,591,465,221,637
"74",112,963,559,729,1045,679,358,965,754,875,142
"75",432,715,639,85,26,647,972,502,497,702,745
"76",698,797,905,49,671,1134,1102,1047,1192,685,628
"77",19,559,550,827,189,342,676,658,678,532,312
"78",377,450,466,823,685,26,562,371,958,85,102
"79",659,591,40,853,820,573,939,106,1025,355,287
"80",59,596,639,113,85,46,76,450,1166,1050,152
"81",495,21,1152,1517,1113,869,459,1297,749,772,500
"82",637,49,679,575,685,875,1411,1047,491,193,844
"83",43,715,115,1228,608,615,278,76,963,17,754
"84",216,280,965,988,1203,1073,310,963,381,213,562
"85",309,504,521,244,802,1118,772,944,1271,1113,559
"86",941,679,49,718,1208,221,308,843,1150,559,17
"87",124,875,49,685,715,1056,679,1132,470,5,809
"88",153,639,805,1056,211,5,685,536,1050,575,979
"89",876,26,49,962,797,628,507,844,1134,552,1150
"90",442,1073,411,747,658,450,468,763,743,988,1228
"91",184,17,106,679,965,76,1025,21,3,46,120
"92",557,46,1073,459,189,658,679,1166,113,491,17
"93",913,754,205,115,947,236,951,955,278,1194,1228
"94",90,939,591,40,205,671,262,51,106,355,1025
"95",481,573,1192,205,521,81,633,355,60,244,429
"96",627,1073,685,411,743,1047,1228,738,958,747,679
"97",204,1129,754,1269,591,278,337,1251,864,51,1375
"98",729,559,108,189,142,1132,486,1262,647,1217,1375
"99",10,825,676,601,965,1118,846,214,358,3,147
"100",790,718,493,701,342,676,562,825,312,592,1208
"101",577,754,615,1228,115,1143,205,287,51,608,1168
"102",812,102,465,1024,26,715,809,823,1208,1095,371
"103",435,392,591,1153,355,291,395,820,147,853,447
"104",737,947,1269,821,605,951,811,363,1301,236,727
"105",693,205,702,671,1404,1143,1047,639,411,115,378
"106",567,591,544,365,1269,120,1129,740,40,76,1018
"107",828,740,287,76,363,928,846,596,1116,1228,365
"108",786,685,280,355,853,628,974,140,946,129,724
"109",276,639,811,287,363,529,46,145,536,573,1143
"110",419,591,740,317,287,809,40,608,253,481,255
"111",133,280,1153,562,244,923,724,820,628,26,447
"112",244,679,49,685,1152,1141,459,1073,965,843,470
"113",500,647,715,502,615,115,51,463,608,331,497
"114",358,5,1152,21,685,1388,1297,850,317,1109,67
"115",851,639,243,85,820,805,1166,972,63,62,369
"116",123,5,569,615,644,1056,1107,106,850,317,287
"117",421,639,46,747,1166,722,1073,702,596,811,763
"118",389,820,147,291,591,633,1153,118,963,489,1025
"119",755,1269,591,939,671,40,51,205,278,615,305
"120",268,49,628,685,1113,647,797,843,507,355,1152
"121",741,637,974,628,140,447,110,495,905,963,244
"122",620,846,823,947,1194,754,1228,363,821,287,113
"123",496,672,342,915,426,1139,718,1066,1063,747,988
"124",351,679,1514,1208,1141,5,1297,49,1187,869,1194
"125",570,733,637,1171,465,394,1524,951,864,110,1086
"126",726,1063,1139,1297,1109,807,505,5,395,392,738
"127",345,1166,820,287,1228,573,46,871,1025,836,853
"128",894,596,559,358,802,544,772,1187,365,24,827
"129",643,639,923,426,772,580,610,672,811,749,417
"130",85,591,40,1025,573,820,291,147,355,853,106
"131",932,591,40,923,939,544,1269,864,713,207,126
"132",834,809,317,5,875,887,1050,868,1134,1045,49
"133",190,637,51,628,221,110,1210,49,717,546,507
"134",513,679,504,521,365,729,656,120,559,1531,491
"135",329,465,544,1034,825,152,601,740,76,102,189
"136",846,591,923,253,319,392,939,244,853,255,122
"137",410,102,486,465,647,1208,26,818,189,825,1024
"138",734,317,878,1134,789,809,523,617,946,662,1050
"139",346,770,965,102,1121,465,505,220,608,1531,1152
"140",622,1132,679,569,102,5,1466,1141,1228,685,491
"141",33,189,647,486,1217,108,559,102,956,1065,507
"142",815,287,106,76,1025,40,591,836,821,1166,820
"143",261,754,278,1269,947,846,1194,363,1018,740,1129
"144",581,495,447,754,502,81,905,951,205,378,481
"145",883,465,837,371,102,825,608,1010,809,676,591
"146",396,504,559,923,244,679,736,656,729,525,317
"147",359,754,846,1194,378,1217,770,278,674,399,1228
"148",893,280,459,988,772,504,468,724,310,672,1066
"149",777,244,355,853,392,140,51,637,253,628,280
"150",675,628,797,378,1265,355,395,958,1279,722,655
"151",522,236,110,754,637,733,253,465,447,768,317
"152",407,639,591,596,1018,827,1411,713,10,923,1240
"153",518,108,189,486,647,319,702,681,956,731,507
"154",162,244,923,1192,10,827,1411,573,692,697,633
"155",199,562,26,825,102,312,1121,676,502,85,214
"156",320,715,189,559,102,647,26,486,530,17,1132
"157",417,1118,342,493,21,1034,236,679,365,589,701
"158",9,486,1132,685,1210,49,715,974,628,221,647
"159",826,823,846,1034,342,493,1118,596,915,978,1400
"160",902,628,685,280,958,974,724,1152,355,562,213
"161",661,628,1134,244,718,637,562,280,923,724,221
"162",477,963,946,679,1228,1045,317,715,965,875,608
"163",773,495,392,647,502,140,399,378,264,1105,497
"164",680,493,825,392,674,676,450,1073,823,85,846
"165",809,5,685,21,1297,49,942,615,459,958,869
"166",825,504,679,718,1118,317,923,365,342,521,656
"167",175,120,740,5,1269,837,337,76,287,465,317
"168",752,205,1113,236,406,1118,521,1271,679,504,1297
"169",169,905,951,411,1047,244,692,1143,797,727,447
"170",206,1132,102,465,715,486,559,1024,974,1036,1210
"171",592,21,942,653,49,378,797,529,640,603,46
"172",334,51,205,591,754,40,864,717,546,465,392
"173",545,772,21,596,1297,46,1516,1118,587,417,915
"174",119,963,946,1045,965,715,729,142,381,1228,871
"175",222,46,1192,596,639,820,1050,573,49,649,1025
"176",610,62,466,972,685,821,639,615,184,820,468
"177",707,754,1118,236,205,717,365,521,802,241,772
"178",105,466,958,450,85,39,502,1109,805,685,101
"179",762,639,62,5,1047,702,972,685,49,536,671
"180",535,596,21,1050,820,46,1192,633,722,1153,434
"181",524,317,562,825,1121,789,106,946,662,837,676
"182",234,754,365,679,236,1118,358,1187,768,601,802
"183",461,679,823,875,365,278,868,49,1042,252,754
"184",767,205,378,399,392,51,1240,754,640,10,1269
"185",294,504,559,521,679,729,928,244,736,1118,530
"186",23,685,62,958,466,468,972,615,1047,647,39
"187",306,504,236,679,521,110,406,1113,205,1073,379
"188",689,754,236,823,846,51,278,371,947,951,489
"189",717,465,1132,1024,110,108,486,102,892,559,754
"190",363,115,1228,363,615,287,1194,76,145,278,5
"191",655,589,493,676,825,358,1118,392,1187,259,718
"192",55,740,287,76,189,569,1168,928,472,491,1116
"193",820,963,715,495,905,26,628,797,1045,974,827
"194",286,715,1228,1262,647,1132,486,972,466,115,266
"195",253,287,639,115,145,363,1143,615,947,1168,1228
"196",157,1132,1228,679,189,559,470,491,875,685,504
"197",718,754,51,946,963,608,489,317,236,449,866
"198",864,106,820,1025,949,214,246,76,647,530,17
"199",68,647,102,486,958,770,450,466,26,502,1121
"200",147,253,465,110,1377,637,394,733,220,608,1036
"201",768,827,876,339,559,658,351,534,495,1105,1658
"202",208,825,493,392,676,1121,637,562,502,371,1137
"203",94,639,658,702,697,722,46,596,576,827,468
"204",311,21,749,312,956,843,1010,844,1478,908,1134
"205",466,108,1132,244,110,504,319,1036,500,255,539
"206",658,1073,450,674,1063,85,747,770,113,743,1166
"207",212,958,5,466,685,450,62,1388,1109,805,869
"208",128,685,647,820,615,1025,355,106,129,502,468
"209",370,637,49,221,1210,1152,1134,1070,5,406,685
"210",782,875,715,827,26,339,963,658,559,1045,1375
"211",879,244,1411,108,559,679,49,1375,207,729,591
"212",446,5,1171,1129,371,569,1514,120,1288,1466,278
"213",188,615,951,1228,115,754,608,715,466,51,685
"214",553,392,825,317,846,1118,395,449,676,429,837
"215",450,51,647,355,754,615,1025,853,331,731,608
"216",61,108,255,280,923,827,550,672,876,871,800
"217",127,5,371,809,1010,49,688,823,466,278,541
"218",425,1073,747,1228,1166,113,763,46,1203,836,871
"219",635,605,1073,379,1063,686,395,775,821,1075,502
"220",816,1208,585,1187,679,17,278,1001,823,49,647
"221",431,679,823,1187,596,21,342,365,3,493,1034
"222",14,702,639,772,189,1240,319,575,576,749,46
"223",117,596,639,745,797,722,1404,24,640,653,827
"224",486,754,465,679,278,486,504,770,930,608,615
"225",93,110,963,559,974,637,495,532,142,108,140
"226",624,715,809,963,951,481,1045,946,662,523,489
"227",201,679,49,843,221,628,717,965,406,962,1152
"228",849,679,49,658,729,559,963,1047,619,1411,284
"229",137,378,1065,1217,189,1194,640,647,653,65,1297
"230",240,569,1123,5,740,644,681,287,1377,319,1168
"231",40,809,947,502,363,489,951,1301,823,488,447
"232",215,280,724,628,244,853,355,213,820,685,129
"233",438,108,189,486,1240,319,575,956,507,500,539
"234",904,189,1217,702,770,486,319,500,1058,378,647
"235",562,1132,715,685,108,49,26,575,875,189,470
"236",379,596,639,915,747,365,811,827,763,953,529
"237",183,809,805,26,875,85,915,342,887,550,715
"238",924,365,596,679,1411,915,76,120,541,21,639
"239",558,189,591,749,319,956,1478,108,949,544,152
"240",2,317,523,447,489,662,789,710,1192,81,727
"241",507,871,1228,715,317,963,447,53,62,747,821
"242",744,685,466,958,5,49,797,62,671,211,688
"243",801,823,371,5,679,102,809,342,493,113,965
"244",49,5,615,578,685,770,1152,958,466,371,260
"245",854,466,715,639,85,26,704,972,502,39,809
"246",13,825,676,837,1121,465,1137,562,493,21,637
"247",574,639,715,411,905,972,797,523,697,692,211
"248",722,189,702,647,108,1217,497,378,559,1065,1226
"249",341,747,639,915,811,596,672,763,953,658,1073
"250",795,317,244,923,280,946,974,1210,637,504,656
"251",898,189,679,1141,486,1208,17,575,889,500,1217
"252",150,466,639,958,972,502,19,797,211,671,450
"253",936,754,486,465,647,1217,278,770,394,731,241
"254",838,411,702,658,1073,1047,747,763,576,468,692
"255",940,754,110,51,205,951,615,807,236,394,608
"256",271,942,21,1169,317,113,823,789,5,157,710
"257",517,236,365,740,915,287,317,1269,754,811,928
"258",842,317,287,363,5,740,875,76,809,569,252
"259",130,1073,450,679,1152,1139,988,1063,1118,310,965
"260",920,1132,317,504,255,754,928,892,875,946,1157
"261",897,754,1228,115,951,615,608,287,51,205,278
"262",37,1073,411,747,763,743,658,1058,875,955,1228
"263",82,821,106,502,1025,1166,836,820,287,195,184
"264",569,809,797,502,157,789,489,710,488,722,947
"265",384,559,802,189,772,1079,358,550,749,596,504
"266",448,923,718,749,1134,701,802,1478,21,552,342
"267",324,1073,674,502,1203,1166,963,871,450,85,1228
"268",413,189,108,749,559,1478,702,319,956,575,500
"269",731,253,392,829,1063,337,923,255,1377,825,591
"270",356,809,317,823,5,21,868,342,1010,789,541
"271",887,1118,1073,679,965,504,1203,505,855,317,1531
"272",74,102,189,1208,486,647,559,17,1132,1024,26
"273",725,466,639,211,157,502,1050,450,821,805,722
"274",917,875,679,1132,1045,550,887,559,1411,827,658
"275",749,715,963,820,115,608,615,647,1025,333,530
"276",671,875,658,827,763,411,639,1411,715,747,963
"277",833,639,772,319,417,378,811,1166,122,702,1063
"278",403,108,189,319,486,681,1469,702,956,539,1240
"279",195,715,466,502,26,809,951,140,102,495,704
"280",17,466,647,958,685,972,715,486,962,507,39
"281",393,740,287,846,569,120,76,1194,321,417,1228
"282",538,1063,280,426,1139,958,1265,1109,1279,543,244
"283",906,915,672,827,317,550,718,342,875,923,1050
"284",149,21,942,649,718,1169,587,679,1192,596,589
"285",383,591,287,569,740,1168,255,40,319,608,1116
"286",165,378,640,1097,576,702,772,639,1404,1240,46
"287",596,465,615,754,394,51,608,205,40,110,253
"288",628,466,653,371,639,502,859,5,1288,1219,958
"289",603,365,544,596,591,1018,1411,24,1129,76,278
"290",584,754,465,608,102,278,1228,394,337,371,115
"291",604,591,108,864,465,481,956,337,253,1240,10
"292",666,676,825,392,1137,610,1278,493,1379,362,837
"293",531,715,591,26,827,963,108,559,495,339,142
"294",230,1228,821,287,62,502,608,115,466,1166,871
"295",472,189,459,504,679,772,500,1118,491,1141,1297
"296",525,671,797,205,821,947,529,646,640,942,502
"297",171,465,676,562,825,312,102,1137,837,1121,637
"298",678,486,1132,110,974,102,770,647,958,1262,685
"299",79,1228,674,378,846,1421,775,770,992,92,266
"300",404,49,1010,21,718,1134,843,221,24,679,1050
"301",8,1129,1269,278,371,465,608,754,1171,337,591
"302",771,923,244,591,108,10,1240,40,864,944,559
"303",330,504,559,591,530,40,928,544,749,521,601
"304",549,189,102,108,486,647,956,465,26,507,559
"305",39,392,591,399,825,378,40,544,291,1065,241
"306",703,49,679,685,406,747,1047,1169,1042,1073,797
"307",901,802,701,718,749,342,21,772,1478,1137,1079
"308",70,1073,493,679,965,1118,1531,988,450,342,770
"309",290,639,591,715,805,287,713,317,820,40,207
"310",51,108,255,702,923,1240,876,244,319,110,871
"311",100,5,466,951,317,821,688,639,62,671,809
"312",237,1121,392,355,562,825,1137,465,1152,246,853
"313",916,615,685,51,1228,129,466,355,821,62,115
"314",301,355,244,853,628,724,280,392,1153,213,647
"315",885,5,569,1194,417,62,466,958,1107,1073,266
"316",257,639,821,811,596,1093,646,502,939,642,157
"317",714,679,49,365,1411,1134,207,1045,1042,221,633
"318",339,355,853,244,395,573,60,1279,232,628,671
"319",143,846,392,825,1118,676,493,1283,1297,674,1516
"320",540,846,1073,1228,1118,770,1194,47,417,504,1203
"321",227,749,189,772,575,1411,844,1240,672,1478,679
"322",454,639,85,596,747,915,189,550,674,243,369
"323",778,317,923,946,656,207,878,1134,40,617,662
"324",283,189,702,639,108,647,319,575,1065,972,1217
"325",315,905,628,958,1265,1063,110,1279,280,543,411
"326",462,189,319,500,491,749,569,702,108,459,39
"327",934,701,342,596,676,1079,493,21,718,825,749
"328",24,639,820,46,1166,836,573,287,1025,63,871
"329",113,905,591,864,797,495,951,481,523,715,671
"330",228,5,466,685,958,49,615,19,575,62,639
"331",374,946,965,685,921,214,820,317,615,136,608
"332",875,596,1118,358,846,429,601,825,676,488,3
"333",491,591,40,923,244,864,939,207,1240,205,465
"334",506,280,213,1203,949,246,853,820,770,355,312
"335",58,379,205,615,62,958,738,1047,685,5,129
"336",366,701,718,21,825,392,676,589,1137,493,1153
"337",636,189,108,1132,702,319,575,500,681,491,734
"338",211,639,1018,591,596,745,536,544,1404,529,713
"339",829,647,46,820,497,17,1065,1166,468,473,1025
"340",859,486,1217,770,754,647,465,378,110,394,1065
"341",308,827,576,596,658,410,802,1278,988,1153,772
"342",18,280,1063,1203,1166,1109,820,450,392,853,395
"343",653,965,946,963,729,633,921,1045,1531,51,679
"344",798,504,280,853,1118,317,1203,355,129,1137,505
"345",65,5,371,466,615,578,569,260,688,106,685
"346",861,1143,951,591,287,715,255,40,207,244,615
"347",554,951,715,140,974,608,466,51,615,905,685
"348",929,378,1097,640,702,1123,1194,1065,145,639,19
"349",369,465,189,102,770,486,1217,1065,612,647,378
"350",788,797,49,658,963,284,411,1411,628,745,1192
"351",482,559,244,108,923,1036,504,465,142,736,353
"352",453,671,145,797,19,905,1269,278,951,745,115
"353",288,21,591,596,825,1010,120,676,40,589,701
"354",205,465,337,1269,754,392,102,825,864,399,1105
"355",97,46,573,820,596,836,658,619,639,692,1166
"356",494,639,502,145,287,821,1228,378,301,591,608
"357",811,637,102,392,465,140,495,676,825,562,26
"358",791,639,596,811,287,836,113,76,46,747,363
"359",434,715,809,875,1132,887,26,1045,49,946,679
"360",692,591,715,951,671,797,905,1269,713,481,523
"361",785,591,392,465,51,40,825,546,864,1160,262
"362",566,972,255,62,871,319,379,775,1063,702,266
"363",700,189,266,1228,569,466,39,647,972,1058,702
"364",187,972,1265,466,639,905,1200,958,702,62,379
"365",45,1132,102,1228,715,486,647,1262,17,559,770
"366",733,189,647,26,17,956,486,507,544,715,559
"367",134,647,905,797,466,26,628,502,507,962,450
"368",418,637,221,797,51,1070,905,1134,807,1210,628
"369",503,639,702,1143,972,287,115,46,319,189,536
"370",808,823,5,809,317,679,371,120,21,342,978
"371",245,923,591,365,207,317,481,1045,1411,40,868
"372",62,679,21,49,5,406,221,541,1152,342,1531
"373",426,639,596,21,811,317,836,821,1166,46,106
"374",850,1050,820,26,214,965,963,1121,434,562,1153
"375",122,1073,1228,754,738,685,615,1047,951,115,955
"376",259,280,697,827,244,724,988,1478,820,1153,44
"377",824,465,102,5,454,837,220,637,120,825,676
"378",269,379,951,905,972,958,738,466,205,110,62
"379",740,809,875,823,747,963,550,317,252,363,915
"380",275,639,596,363,85,640,947,745,811,502,1404
"381",621,1269,639,947,1018,591,363,145,740,529,1123
"382",202,287,947,951,821,811,363,145,754,1421,205
"383",721,797,211,466,671,628,697,905,979,972,154
"384",571,1129,1269,207,591,317,923,939,541,713,5
"385",344,5,685,615,371,49,809,1132,1258,951,823
"386",640,392,1153,655,378,395,1137,825,628,450,65
"387",1,853,355,505,754,1025,615,573,820,504,896
"388",756,504,679,1113,802,843,521,221,1152,244,637
"389",912,827,718,658,875,672,550,559,26,342,915
"390",388,26,715,809,85,466,102,805,562,1258,1010
"391",510,102,312,562,342,1109,1152,805,189,493,869
"392",191,278,1514,49,615,1208,19,1001,1505,149,994
"393",328,639,536,679,76,529,5,21,596,491,189
"394",923,559,280,963,504,381,965,729,946,820,550
"395",847,754,768,864,236,51,1210,365,40,465,930
"396",589,253,102,465,974,715,1036,108,1132,26,562
"397",735,615,1132,608,5,1129,278,76,465,40,115
"398",352,715,685,963,647,1047,49,26,658,820,468
"399",509,378,278,1194,640,754,115,647,1217,1065,1228
"400",387,411,905,1073,797,576,1047,658,702,1265,743
"401",262,575,189,491,500,772,319,702,459,749,525
"402",837,754,615,278,205,51,115,608,486,465,1251
"403",933,951,1228,754,738,466,115,1425,615,379,958
"404",580,236,754,51,637,963,708,710,1118,965,1531
"405",884,189,1073,1217,647,674,1208,378,1058,1065,743
"406",32,639,591,363,536,713,809,715,1018,1269,211
"407",397,679,365,1411,559,729,504,544,844,928,189
"408",892,754,236,823,489,1228,608,807,371,846,51
"409",428,715,559,102,1132,108,26,142,1262,486,963
"410",161,5,679,569,1141,317,470,685,1443,459,1100
"411",196,754,278,365,679,115,1194,1129,544,619,1018
"412",519,102,823,465,371,1024,1208,825,846,1034,585
"413",323,317,287,62,811,821,1107,1166,639,129,853
"414",497,591,253,465,923,939,40,837,337,825,864
"415",416,871,1166,1203,820,381,1228,853,129,836,504
"416",732,679,1208,1024,1141,935,1054,1132,49,685,406
"417",905,715,26,591,102,1132,108,253,805,255,809
"418",662,972,62,671,19,615,466,145,1143,951,5
"419",476,615,951,754,205,51,466,608,1228,115,301
"420",521,628,1192,988,244,658,49,724,697,411,692
"421",674,317,120,287,841,740,915,846,365,1400,656
"422",911,591,40,820,1025,147,291,106,853,214,355
"423",88,1208,823,679,1073,743,1141,371,1194,450,770
"424",390,189,544,1018,1129,596,365,1240,749,772,717
"425",176,754,1129,365,278,1269,205,1524,236,1251,1018
"426",168,639,972,821,951,62,317,671,811,363,211
"427",593,205,236,317,573,287,754,504,923,521,944
"428",613,754,465,825,846,392,676,864,1269,337,236
"429",223,963,495,447,411,140,1073,628,955,974,905
"430",776,371,562,26,1010,809,1121,102,502,715,946
"431",536,843,17,1118,647,717,355,473,965,186,46
"432",104,502,639,722,821,211,195,157,488,710,1050
"433",233,573,46,1025,355,1192,615,820,853,106,710
"434",471,679,875,365,1045,596,559,358,550,729,827
"435",297,647,85,450,497,26,189,658,559,674,502
"436",766,392,280,244,1063,355,923,853,110,1153,1109
"437",305,465,825,676,837,392,637,1034,371,864,337
"438",686,905,447,1244,637,628,580,110,797,495,395
"439",697,820,502,963,715,639,463,1050,211,663,195
"440",710,951,205,379,821,738,317,580,1200,62,236
"441",7,392,426,923,1063,580,825,1137,676,360,1139
"442",335,5,21,1152,342,869,1141,679,541,1297,621
"443",362,596,21,113,747,46,1194,942,450,846,1516
"444",774,1269,1129,278,903,1010,809,715,947,371,1018
"445",928,923,317,504,255,236,244,656,287,928,768
"446",287,905,797,628,1265,507,647,378,671,1279,495
"447",20,676,825,1118,465,493,358,1137,846,550,1029
"448",27,108,591,189,1240,639,956,1123,319,145,990
"449",77,255,871,379,972,287,317,62,266,1425,775
"450",719,715,871,255,280,39,1262,820,775,1203,974
"451",865,1047,702,615,500,1113,504,205,49,1143,468
"452",224,5,615,569,220,106,62,578,67,1503,205
"453",146,465,102,394,1034,766,569,120,1171,1125,337
"454",54,1228,615,754,1166,115,46,378,504,65,1047
"455",871,628,1152,1134,685,49,221,958,637,797,562
"456",818,679,365,189,504,928,740,1411,491,772,544
"457",312,392,923,825,939,591,1137,126,355,676,253
"458",248,1194,823,947,640,942,529,278,502,1169,821
"459",467,671,939,1240,591,923,713,1263,207,244,797
"460",761,108,189,1132,559,1240,761,1375,376,1175,142
"461",69,493,392,676,825,637,1121,495,882,140,562
"462",638,772,236,576,504,205,573,811,429,521,871
"463",154,392,939,1125,1196,1269,337,1462,253,733,580
"464",252,679,49,1113,1152,843,504,1141,221,802,406
"465",878,923,1134,591,207,844,1240,713,244,1263,49
"466",447,1192,820,1050,49,573,1025,633,44,355,46
"467",550,827,26,875,715,963,1045,658,559,550,887
"468",365,102,465,253,1132,715,1262,486,892,108,608
"469",457,1228,115,647,715,466,62,972,615,639,685
"470",775,823,371,1010,1001,635,868,308,1674,809,585
"471",209,770,807,505,846,738,395,1194,379,754,205
"472",126,754,205,110,244,236,504,853,615,51,866
"473",349,392,378,399,640,990,745,825,1160,1001,1208
"474",66,715,26,685,49,875,1148,816,1258,1208,905
"475",862,718,628,1134,843,802,637,221,1152,244,1113
"476",114,205,939,1269,923,614,236,591,81,40,573
"477",430,951,253,733,754,465,481,140,608,394,337
"478",696,628,843,589,1153,1134,21,221,633,1152,718
"479",781,317,850,5,1400,236,287,1107,811,21,915
"480",371,637,562,974,1073,543,1152,963,628,1531,140
"481",279,378,640,1194,205,1065,529,46,65,772,612
"482",625,450,280,958,157,1063,543,988,468,1109,685
"483",92,647,466,1228,115,685,1194,1065,378,486,371
"484",498,1118,679,358,365,342,589,236,718,493,676
"485",138,823,371,278,947,754,995,951,797,1004,955
"486",241,5,823,679,371,342,1208,1141,21,1114,1077
"487",214,905,51,797,951,628,671,205,495,731,244
"488",41,392,495,825,140,447,395,754,676,489,488
"489",632,797,49,115,671,715,1047,278,1404,536,639
"490",561,591,939,1269,40,392,337,205,923,825,262
"491",769,754,205,1143,557,1168,378,278,115,10,702
"492",440,1118,21,802,589,718,493,521,772,1271,236
"493",182,5,120,809,76,740,317,1034,837,365,541
"494",559,49,797,628,221,718,1134,679,843,1152,905
"495",487,958,685,450,1073,62,459,1166,46,468,466
"496",802,770,1166,319,569,189,674,1203,513,417,949
"497",853,569,681,1132,319,108,1168,1377,255,1262,253
"498",423,639,797,671,363,1404,115,411,536,1047,972
"499",647,639,702,189,319,108,749,972,1240,46,575
"500",796,465,120,837,40,676,825,740,220,591,317
"501",575,486,770,615,102,465,260,278,647,1194,5
"502",12,49,658,1411,679,797,875,596,763,24,827
"503",340,392,825,465,676,837,337,253,1137,591,829
"504",644,26,715,827,809,875,1045,887,550,339,963
"505",691,102,465,770,846,825,569,674,676,1466,392
"506",488,1228,1073,702,115,871,1166,62,972,287,369
"507",937,639,466,671,502,821,145,19,972,211,646
"508",514,596,46,378,640,722,639,1065,450,21,745
"509",270,49,685,459,468,1047,697,679,658,628,575
"510",814,189,639,378,990,702,85,647,1065,497,1217
"511",927,958,685,738,1063,466,770,5,1073,62,379
"512",843,317,287,115,573,836,1042,727,963,1228,1192
"513",131,49,406,5,685,679,797,615,1047,1042,1169
"514",246,49,221,628,797,905,51,1134,637,1210,1113
"515",99,715,255,871,963,608,820,946,1228,591,142
"516",896,628,1134,718,244,1152,843,1153,221,1113,637
"517",36,823,875,747,1073,679,743,809,658,763,113
"518",568,466,972,1063,19,958,639,821,939,1200,502
"519",869,379,1063,972,319,62,426,958,702,1421,110
"520",266,5,805,317,809,1050,470,562,685,946,356
"521",449,363,639,809,369,550,243,715,1116,875,287
"522",743,619,411,1047,754,963,955,410,51,115,284
"523",412,754,51,615,49,115,951,797,278,1047,205
"524",736,685,615,49,1132,1210,5,866,1152,486,679
"525",770,715,963,591,26,820,1045,214,608,489,946
"526",888,685,62,466,972,958,5,317,468,747,805
"527",357,679,504,365,521,49,802,1113,1411,718,729
"528",83,1153,718,280,244,562,923,628,1137,802,724
"529",724,392,637,628,110,495,1153,507,956,905,647
"530",347,715,639,972,466,671,154,211,145,591,19
"531",670,596,189,915,639,749,550,827,1079,544,658
"532",930,639,145,702,671,972,1143,536,1404,19,529
"533",832,102,392,189,825,465,85,647,676,1262,486
"534",745,972,905,1265,280,805,466,979,958,211,1017
"535",192,591,923,956,1240,905,244,713,26,628,939
"536",327,1047,685,411,62,972,702,468,958,49,1073
"537",844,639,411,1047,702,658,972,715,875,115,763
"538",31,754,236,51,205,278,115,1269,951,1042,955
"539",394,317,946,679,685,878,656,1531,637,280,1311
"540",909,591,947,639,481,821,287,811,363,871,447
"541",539,671,205,207,939,615,923,244,1143,797,713
"542",382,466,715,704,809,639,502,805,5,821,102
"543",597,559,963,729,17,965,715,647,26,530,1045
"544",64,637,51,628,221,1210,465,244,140,454,1152
"545",587,591,956,108,26,715,507,189,559,647,544
"546",881,702,1265,108,972,244,1226,731,507,647,628
"547",607,450,1231,85,502,378,392,876,990,674,1073
"548",475,5,685,679,49,459,470,747,317,21,672
"549",172,205,278,754,1524,1001,1269,1194,1086,1129,236
"550",677,189,378,1217,1065,647,702,497,319,486,513
"551",75,639,671,1018,797,591,1240,713,1404,745,536
"552",405,21,701,342,596,718,672,621,749,915,772
"553",78,1018,591,363,339,639,1269,924,745,947,544
"554",164,915,550,317,1050,827,596,1045,875,342,679
"555",331,49,685,797,747,115,715,710,963,1042,1047
"556",617,809,951,317,733,253,807,793,837,947,821
"557",422,905,797,51,951,466,1047,615,49,115,671
"558",3,236,317,754,120,205,768,365,21,656,923
"559",702,26,1129,715,868,591,887,1045,809,875,308
"560",38,108,559,244,504,731,142,189,90,500,486
"561",532,255,1132,142,504,253,974,280,559,108,928
"562",900,5,615,685,49,575,189,1132,1313,1056,19
"563",667,573,836,287,1192,754,205,115,46,1025,72
"564",293,679,718,827,875,1045,1411,24,49,868,658
"565",765,947,317,727,1042,363,797,523,754,841,287
"566",682,46,1166,378,639,1228,836,497,287,573,1065
"567",103,363,947,809,846,76,740,823,321,372,287
"568",668,846,823,754,679,1118,236,120,321,1531,365
"569",50,317,923,656,207,504,878,5,21,541,120
"570",236,49,541,1192,942,671,679,1050,106,789,21
"571",594,923,317,591,946,253,481,809,40,887,662
"572",73,958,378,1231,466,1265,647,990,905,486,972
"573",602,754,640,378,1194,846,205,236,955,278,47
"574",158,1265,628,355,244,1240,507,1517,580,956,923
"575",256,504,772,802,1240,521,944,376,1473,500,365
"576",715,639,287,811,363,369,317,747,702,972,871
"577",336,1244,923,637,447,718,878,580,1134,733,905
"578",543,51,797,49,205,628,754,221,615,671,717
"579",220,754,278,205,1251,1524,51,1194,761,1129,1514
"580",142,639,715,287,1228,62,369,243,115,363,972
"581",709,21,797,205,640,49,1001,1187,529,942,1524
"582",280,106,1166,949,246,820,1025,473,312,853,825
"583",779,846,823,1073,1228,317,1400,747,236,754,738
"584",316,628,355,51,647,671,244,853,797,1192,573
"585",265,754,236,51,465,637,768,392,846,1118,1531
"586",463,287,317,106,62,615,1228,821,608,115,5
"587",219,825,317,837,676,253,793,809,220,392,829
"588",300,102,823,770,569,674,371,1466,825,465,1208
"589",57,754,236,481,951,733,447,864,495,110,51
"590",375,639,115,972,1047,466,702,411,1404,747,763
"591",874,319,702,19,1517,1097,1265,1240,1123,378,972
"592",759,189,559,108,532,1443,679,539,1079,884,802
"593",361,21,355,1517,628,772,378,1265,1160,1113,395
"594",914,360,102,805,562,1313,814,635,1077,1597,758
"595",210,591,610,923,392,639,596,1240,825,544,1018
"596",858,679,823,5,1141,371,102,541,49,120,1466
"597",943,639,108,702,189,319,1240,972,749,591,575
"598",251,1228,1166,287,46,871,639,369,113,836,115
"599",151,1166,46,820,355,853,1025,395,836,60,378
"600",799,392,110,253,864,447,481,465,140,637,733
"601",866,1143,115,287,363,205,754,573,671,1168,1411
"602",110,550,915,740,928,596,287,610,811,772,317
"603",145,26,85,502,715,745,639,647,450,1010,466
"604",618,1228,1073,411,963,715,1047,115,619,871,685
"605",368,702,679,491,459,575,747,1047,468,62,658
"606",483,1208,1073,779,1187,411,576,802,1217,559,658
"607",452,639,596,827,915,672,550,702,811,772,576
"608",493,963,820,836,871,1166,53,463,965,502,381
"609",468,591,481,923,392,1269,864,447,1200,495,10
"610",96,939,1063,1123,5,319,426,850,1297,1196,580
"611",548,718,26,450,628,562,843,1134,342,1010,647
"612",437,905,615,685,51,958,486,110,1047,974,866
"613",695,679,49,221,875,406,843,1045,965,17,729
"614",565,639,811,596,915,317,836,287,550,243,821
"615",649,21,342,5,113,312,596,825,459,493,1297
"616",16,287,1228,821,754,115,573,1025,1166,811,615
"617",784,1134,923,637,864,591,562,1010,21,617,589
"618",444,591,740,544,120,365,465,40,76,930,1129
"619",186,108,702,255,1132,319,731,244,189,1168,142
"620",555,466,639,972,211,797,958,468,62,154,685
"621",135,466,958,486,39,647,972,19,319,1313,1063
"622",242,1129,49,615,679,278,575,1263,406,5,1113
"623",502,679,1228,1073,823,846,317,252,5,1194,754
"624",806,317,740,287,591,40,481,809,550,610,120
"625",46,317,946,685,662,715,615,656,853,1313,805
"626",121,189,108,591,715,639,544,559,1168,76,142
"627",427,189,1297,5,491,459,569,772,319,575,500
"628",63,1063,319,379,772,770,417,378,1166,1421,702
"629",258,770,102,569,1063,674,825,465,220,486,92
"630",810,562,102,26,253,637,465,715,974,140,818
"631",747,591,923,820,853,244,355,40,939,1153,246
"632",484,1118,846,754,47,965,1194,855,836,1073,1166
"633",459,102,559,26,465,887,715,214,452,189,312
"634",274,355,853,573,106,205,1025,821,184,671,129
"635",203,189,108,702,658,559,1185,647,1226,576,1058
"636",318,591,278,40,754,1269,544,365,1018,713,903
"637",572,639,715,591,211,972,820,821,287,713,243
"638",720,189,559,108,465,749,956,544,530,486,102
"639",343,1228,115,287,615,1047,754,1143,62,573,619
"640",87,639,596,46,772,21,722,649,749,1404,915
"641",623,615,115,685,49,40,106,207,715,287,1047
"642",641,51,205,754,1524,278,717,1251,49,1129,1263
"643",757,825,676,1118,493,846,392,837,358,1137,1034
"644",181,1132,1228,369,875,550,928,255,142,102,715
"645",840,679,365,544,596,76,1010,152,24,17,559
"646",634,754,489,710,963,488,236,823,955,797,971
"647",922,317,637,878,280,504,1157,679,1073,1084,743
"648",505,797,1010,745,671,502,49,868,1001,211,529
"649",44,947,363,1228,754,115,951,823,278,880,1194
"650",588,46,772,1166,596,1065,378,189,47,1118,513
"651",353,754,278,115,1194,51,1228,995,955,761,647
"652",918,905,628,974,447,958,395,797,140,637,495
"653",856,1208,679,1001,278,1187,823,371,779,1514,49
"654",848,639,287,363,145,811,1168,415,243,1228,1116
"655",386,718,672,342,988,1139,1038,280,426,1244,493
"656",529,679,1141,459,342,770,1297,569,312,422,1152
"657",263,718,21,589,1134,628,843,1153,1137,802,221
"658",925,205,754,51,236,797,278,671,115,615,607
"659",408,1073,674,378,770,392,876,1217,576,1203,775
"660",836,205,754,115,615,287,573,671,821,1228,1143
"661",511,450,628,1152,647,26,1208,562,718,49,962
"662",80,639,811,287,317,363,243,740,923,255,972
"663",398,596,21,639,46,529,942,772,649,603,653
"664",891,679,1187,1129,278,1001,365,308,49,1208,1251
"665",35,1132,102,875,550,1024,1049,1443,1466,679,559
"666",750,317,236,504,853,280,244,447,521,1118,896
"667",401,591,864,923,10,392,1269,481,1240,1018,495
"668",160,49,679,221,685,371,406,797,962,1210,628
"669",197,280,820,550,559,827,459,1203,381,312,1166
"670",322,679,49,5,406,1047,685,115,743,1073,615
"671",415,923,317,878,447,1244,244,1102,523,1134,1192
"672",583,1073,743,823,1228,1061,1132,995,411,685,1258
"673",804,596,21,46,649,772,536,942,1411,844,1404
"674",354,5,1010,120,49,541,106,371,21,126,152
"675",827,49,5,371,102,685,1208,1439,816,679,884
"676",464,754,591,1269,1018,10,278,1143,573,205,40
"677",663,502,947,797,951,745,640,278,371,823,489
"678",805,1228,770,738,379,958,110,615,951,1468,266
"679",479,639,972,85,820,502,715,702,39,63,26
"680",673,974,280,26,628,562,715,1017,958,979,724
"681",520,110,108,244,319,205,731,253,486,615,355
"682",831,972,639,715,466,702,62,468,211,39,154
"683",89,287,1228,1166,115,46,836,855,113,1194,484
"684",915,956,559,591,628,244,507,26,108,1153,864
"685",391,639,702,189,972,319,46,85,1166,749,468
"686",28,718,1134,797,49,1150,628,1192,923,344,1244
"687",167,319,426,749,772,1297,189,923,1478,1517,500
"688",590,102,465,770,486,1024,846,394,674,392,1262
"689",705,108,1240,244,923,1113,10,944,575,1263,1143
"690",107,486,647,507,546,509,465,956,221,189,49
"691",664,317,287,1228,738,1107,5,747,841,947,363
"692",537,21,392,378,1160,395,646,825,473,596,65
"693",232,825,1059,21,473,1025,820,502,1121,106,1050
"694",470,644,207,205,491,939,615,1113,106,40,5
"695",527,679,21,1118,342,589,493,365,843,120,965
"696",177,647,466,378,1166,1065,355,958,46,502,820
"697",304,392,378,647,495,990,399,497,1105,1217,502
"698",608,820,853,1166,1025,246,355,106,949,836,291
"699",687,679,1141,685,5,569,470,459,743,189,1100
"700",711,754,1228,608,770,505,615,866,965,963,946
"701",332,317,1118,1073,504,988,280,1531,505,1203,965
"702",547,1194,378,1065,653,1217,640,1297,1288,612,189
"703",612,846,754,823,465,236,371,1194,260,394,505
"704",76,958,466,685,797,628,49,1152,51,905,355
"705",178,965,963,946,102,140,1121,608,214,333,136
"706",681,702,108,1047,905,731,1226,972,1143,507,411
"707",284,823,493,825,371,809,846,676,635,837,1034
"708",910,49,1134,844,1113,575,207,21,923,679,718
"709",21,49,963,628,710,1045,1050,685,797,221,750
"710",296,205,51,754,905,951,797,236,615,671,573
"711",141,559,504,729,963,679,965,928,1045,946,142
"712",789,108,702,189,1240,772,576,802,1097,876,559
"713",225,1228,287,963,871,715,115,369,608,820,113
"714",870,85,676,312,550,342,825,562,915,26,102
"715",239,628,718,1244,797,1265,988,450,1134,543,722
"716",53,676,825,392,493,1137,1118,312,770,1121,1153
"717",764,591,287,40,573,836,317,754,820,365,1025
"718",639,639,972,85,243,466,805,62,369,821,39
"719",299,115,679,287,49,615,1042,1228,875,541,1411
"720",249,915,740,596,550,417,610,1079,772,569,639
"721",760,339,827,1018,591,715,639,108,745,26,1464
"722",303,1166,1203,46,1228,820,513,497,836,871,647
"723",5,596,747,46,113,639,1166,1073,915,836,811
"724",255,639,596,722,378,46,640,745,502,1404,576
"725",601,754,1228,115,951,287,615,608,205,1425,1168
"726",738,718,21,1150,701,342,589,923,672,365,1411
"727",551,965,1073,113,679,1203,855,1166,836,381,228
"728",772,1118,236,392,589,1137,504,637,521,493,676
"729",364,102,825,676,312,493,562,1121,465,85,486
"730",26,189,108,1240,749,923,575,244,500,1113,1478
"731",313,287,591,40,608,106,76,1025,317,120,754
"732",348,951,809,489,947,502,363,523,821,488,715
"733",433,679,342,459,504,718,525,310,559,843,312
"734",863,1073,743,679,1208,1058,823,411,1194,1228,992
"735",67,823,679,875,809,965,252,1531,317,946,963
"736",115,1194,754,947,278,205,115,1269,846,287,363
"737",376,1244,797,905,447,236,51,1070,807,1102,81
"738",436,615,685,1047,49,115,679,406,193,62,1228
"739",109,1134,718,1045,878,923,1210,221,49,628,244
"740",207,846,1166,825,1118,505,113,317,47,106,287
"741",42,317,5,287,809,875,656,679,1042,252,541
"742",139,1208,378,647,1231,399,640,486,1001,1217,371
"743",91,639,591,108,1018,715,827,339,550,363,10
"744",217,747,450,85,1073,596,639,915,113,658,827
"745",125,591,864,544,676,465,358,601,392,825,559
"746",152,236,447,754,846,489,871,317,429,488,481
"747",819,738,379,1084,951,5,958,770,807,505,1228
"748",185,591,754,544,963,495,1018,278,745,10,559
"749",441,189,647,108,486,715,702,507,1226,956,559
"750",556,596,1018,544,1129,1187,365,585,1269,358,745
"751",480,49,679,21,869,843,575,718,459,225,189
"752",599,1132,110,754,743,1073,679,1228,995,1061,1047
"753",626,1073,797,1169,49,406,411,378,1047,942,1194
"754",278,5,1134,371,1010,1077,635,49,221,617,637
"755",420,447,81,481,951,591,923,523,1200,573,871
"756",852,846,754,337,378,674,1194,612,740,399,392
"757",576,963,495,447,140,489,502,488,1073,971,710
"758",813,5,21,1010,679,342,541,49,1134,120,869
"759",797,110,923,768,864,754,999,465,236,1049,1157
"760",868,465,392,337,825,676,740,768,846,837,1283
"761",645,21,1192,596,633,1050,820,649,843,722,573
"762",690,628,49,797,905,221,51,637,963,411,710
"763",787,102,465,312,676,562,825,569,220,837,805
"764",11,923,591,939,40,207,523,1134,864,317,244
"765",98,591,715,639,255,253,1262,85,243,102,1116
"766",47,637,465,754,392,51,140,236,1531,864,495
"767",277,447,236,1244,605,81,951,733,429,727,489
"768",515,596,740,639,1018,544,610,76,772,591,365
"769",132,1132,875,559,715,679,108,189,550,1443,532
"770",926,26,715,647,956,507,495,445,591,745,628
"771",501,189,378,772,647,1065,392,399,802,749,655
"772",247,875,963,754,1157,1132,481,236,317,1045,923
"773",803,679,823,278,1001,371,1208,49,308,1514,406
"774",25,102,965,770,1531,562,1073,1121,312,465,486
"775",754,447,495,392,905,140,110,51,1279,395,871
"776",699,754,205,236,120,278,365,1194,51,615,521
"777",499,846,317,120,5,837,608,287,220,754,321
"778",267,639,702,972,46,722,468,576,820,692,697
"779",630,754,236,205,51,573,955,521,846,615,115
"780",742,1132,142,1228,108,928,875,559,761,255,892
"781",508,871,928,142,963,820,287,619,827,1228,836
"782",350,754,770,615,1228,379,205,738,486,1421,951
"783",889,49,679,278,365,754,541,1042,942,120,1192
"784",429,189,672,596,342,450,749,827,459,85,639
"785",727,820,963,729,49,1192,965,633,1045,1050,1025
"786",895,392,676,637,825,1137,1278,493,465,280,447
"787",84,312,562,1121,26,1059,1152,1010,685,450,1050
"788",642,1194,770,1217,679,1073,378,47,846,1118,1228
"789",835,85,312,820,949,805,246,1166,39,825,676
"790",780,102,189,647,486,85,825,312,392,39,26
"791",931,628,963,559,26,244,715,1045,827,697,724
"792",512,923,481,676,591,864,827,253,562,1153,809
"793",939,875,715,1132,26,809,1045,963,887,679,946
"794",193,62,685,972,1047,466,468,615,671,115,692
"795",326,76,740,120,596,287,639,610,152,846,106
"796",411,49,46,722,1192,797,710,628,596,434,1050
"797",845,823,1228,738,1073,951,1084,770,754,505,704
"798",395,702,319,189,772,417,491,500,1058,108,639
"799",30,761,378,1097,640,108,924,576,702,1018,10
"800",908,102,76,152,371,5,465,1010,837,120,312
"801",381,49,1263,221,1001,1524,1129,1514,717,1210,1113
"802",800,108,189,559,591,85,102,550,26,142,676
"803",753,205,797,1169,236,671,379,406,607,942,1047
"804",6,280,974,637,253,1063,110,562,255,244,213
"805",260,465,102,486,637,394,770,392,260,371,818
"806",706,189,702,108,39,319,486,972,500,647,770
"807",758,591,40,544,923,825,676,601,939,749,1137
"808",586,46,836,1166,573,287,871,1073,596,811,820
"809",882,797,49,51,717,628,1524,589,905,1192,236
"810",474,1143,115,639,573,702,287,715,145,671,972
"811",523,679,875,946,317,1045,887,541,49,470,685
"812",173,1228,754,115,1073,615,287,505,1194,504,846
"813",676,864,591,963,495,481,628,559,923,637,1045
"814",406,450,46,21,113,722,1169,1073,459,1166,468
"815",163,465,637,102,676,253,454,1531,562,220,946
"816",504,21,589,718,342,1010,868,493,596,679,701
"817",198,637,51,628,1210,221,244,1134,905,49,1113
"818",321,502,807,395,140,710,489,371,505,738,466
"819",456,365,1269,1129,591,1018,1411,120,207,754,740
"820",616,754,40,591,51,963,729,278,898,365,244
"821",701,189,486,1217,717,1251,465,1175,546,278,647
"822",229,102,770,486,1132,465,974,1262,1531,685,1228
"823",903,958,685,1063,1073,280,379,738,468,1109,1152
"824",660,596,317,836,113,76,789,3,820,965,1045
"825",533,287,1228,76,846,836,1166,113,754,115,1194
"826",654,946,1045,715,974,26,637,562,662,965,140
"827",292,905,958,797,1265,628,685,1113,49,1134,466
"828",683,591,502,85,639,825,253,805,26,821,939
"829",821,505,770,129,866,853,220,738,615,685,608
"830",235,596,908,749,844,1240,189,544,24,772,717
"831",669,639,747,46,113,1073,1169,763,702,1404,529
"832",174,951,738,379,466,821,205,958,615,62,807
"833",380,466,958,704,805,5,62,972,39,685,1313
"834",72,450,1073,46,658,679,459,596,189,113,772
"835",716,544,189,745,399,956,591,1018,559,1105,647
"836",118,21,596,772,46,459,915,342,749,1066,649
"837",337,102,371,465,278,823,1024,679,1439,260,546
"838",611,958,1063,628,280,637,1109,543,562,1152,974
"839",542,1073,770,965,1228,647,486,685,102,963,1203
"840",221,639,702,596,576,46,722,1166,85,131,827
"841",708,809,875,715,887,26,1045,868,102,946,1132
"842",534,679,1531,637,718,965,559,342,1152,562,729
"843",102,1269,939,205,1377,337,591,40,951,253,923
"844",317,797,671,502,745,466,1010,371,603,305,278
"845",460,21,942,1010,5,529,649,789,603,596,157
"846",22,947,363,1269,639,1194,278,1018,740,1129,76
"847",295,1228,317,505,287,846,1166,1203,113,608,674
"848",218,702,189,575,491,319,500,1168,615,1143,1047
"849",307,864,51,1129,1251,546,1001,1263,465,717,1524
"850",688,486,647,102,189,465,108,559,507,1217,715
"851",651,205,5,1107,942,1194,529,947,644,821,639
"852",159,189,108,559,1132,142,532,102,539,550,1036
"853",877,864,923,733,481,253,591,1269,110,337,754
"854",56,569,674,1228,287,740,846,321,1166,770,76
"855",360,49,679,21,278,365,1010,544,717,596,633
"856",281,637,1134,1210,221,868,1045,49,26,562,628
"857",129,1514,5,1208,260,1194,278,49,406,371,679
"858",156,447,392,1279,923,495,244,1278,429,580,1153
"859",942,504,244,521,633,1192,729,49,628,1113,51
"860",250,820,1166,147,963,965,1025,214,381,1203,559
"861",867,21,718,342,596,672,869,701,459,843,844
"862",111,5,685,466,569,615,704,1228,823,115,371
"863",144,639,46,189,702,596,491,536,749,1166,113
"864",451,189,647,559,486,1217,17,1105,497,102,956
"865",95,189,85,639,26,749,596,827,312,647,559
"866",4,1152,770,5,685,486,1141,1109,578,454,958
"867",310,809,823,371,5,102,1258,946,608,1010,1004
"868",793,671,797,115,951,145,278,205,49,529,947
"869",492,963,280,820,724,628,213,559,26,1153,1017
"870",469,821,811,639,502,317,287,789,939,686,836
"871",213,820,355,1025,1050,853,963,724,647,244,1192
"872",694,1150,718,21,587,802,589,672,49,679,1263
"873",783,1073,743,450,1208,958,679,411,770,1058,647
"874",564,26,827,189,844,552,1050,887,550,749,875
"875",373,481,591,339,639,550,363,255,610,871,827
"876",189,637,718,628,1244,589,1134,221,1152,802,543
"877",445,754,51,244,963,447,523,923,236,727,633
"878",552,378,770,1421,1231,1065,1217,92,379,1194,1503
"879",605,1228,608,715,647,115,287,754,820,463,502
"880",243,963,715,26,1045,946,559,965,729,974,214
"881",807,1228,823,846,1073,747,754,505,113,674,317
"882",424,253,110,481,591,923,392,951,255,864,447
"883",938,1045,317,963,946,1050,633,662,729,965,789
"884",614,189,715,108,1132,26,575,956,647,816,507
"885",120,504,772,944,521,1240,500,1113,702,205,802
"886",728,575,189,5,459,491,685,869,639,49,225
"887",817,1132,715,102,875,1228,189,1262,559,26,142
"888",15,21,5,942,624,1159,1070,789,205,978,1169
"889",116,378,702,647,990,189,1265,575,1469,1065,576
"890",60,591,825,40,939,392,126,1137,923,106,676
"891",746,465,637,733,864,253,1210,809,481,946,617
"892",485,647,486,473,1065,578,378,399,546,507,509
"893",458,205,772,717,378,1113,1517,65,94,802,1240
"894",200,504,559,1118,521,729,965,244,381,213,1203
"895",650,905,958,395,392,466,140,502,807,447,495
"896",136,49,671,615,1047,115,797,685,1192,1169,529
"897",319,679,1141,5,569,685,189,770,486,491,615
"898",633,287,591,573,76,639,40,928,1143,836,472
"899",579,49,679,685,406,5,1169,1047,1152,1073,459
"900",899,639,596,827,189,915,550,702,749,85,658
"901",342,715,972,1228,466,369,639,1132,266,704,62
"902",439,797,49,628,710,637,221,685,1073,51,1152
"903",713,1240,772,923,244,1113,319,504,500,575,802
"904",619,466,715,972,639,85,26,39,805,647,189
"905",563,1129,875,715,1132,868,809,1045,903,1269,278
"906",935,754,951,115,1228,205,1143,615,51,287,947
"907",378,772,21,1118,802,504,521,1297,587,1517,67
"908",823,685,637,1152,628,958,221,1134,49,1210,562
"909",180,205,244,236,871,573,754,411,379,447,692
"910",921,85,502,363,823,971,715,1073,674,745,596
"911",841,1034,1288,76,1194,740,569,152,931,859,1500
"912",48,749,701,189,342,312,21,1478,552,1079,844
"913",657,823,846,1194,679,1073,236,947,754,978,1400
"914",855,426,580,447,923,429,576,876,236,1278,1244
"915",919,754,823,236,679,868,371,1042,1045,278,317
"916",723,317,823,809,846,5,1400,371,837,120,789
"917",794,754,951,236,923,733,317,205,481,244,51
"918",573,21,772,378,639,46,942,646,640,205,649
"919",264,615,647,608,106,530,486,685,1228,17,949
"920",528,591,287,255,754,1228,871,40,715,608,928
"921",839,672,915,747,1066,596,342,827,450,639,722
"922",148,715,639,211,26,820,697,972,1017,154,468
"923",409,205,754,951,1143,115,51,905,615,1047,415
"924",516,189,702,108,639,575,749,1240,972,844,1478
"925",272,685,958,628,355,1152,905,49,51,797,1047
"926",629,905,951,1047,110,958,411,685,628,797,51
